,,,,IUL Cap,12%
,,,,IUL Floor,0%
,,,,,
Date,Value,Value (Trimmed),Rolling Annual Returns,IUL Returns,IUL Returns Value
13-Aug-24,"  5,434.43","5,434.43",,,
1-Jul-24,"  5,553.15","5,553.15",23.2%,12%,10%
1-Jun-24,"  5,451.14","5,451.14",25.4%,12%,10%
1-May-24,"  5,235.22","5,235.22",26.3%,12%,10%
1-Apr-24,"  5,112.49","5,112.49",24.0%,12%,10%
1-Mar-24,"  5,170.57","5,170.57",30.3%,12%,10%
1-Feb-24,"  5,011.96","5,011.96",22.9%,12%,10%
1-Jan-24,"  4,804.49","4,804.49",21.3%,12%,10%
1-Dec-23,"  4,685.05","4,685.05",19.7%,12%,10%
1-Nov-23,"  4,460.06","4,460.06",13.8%,12%,10%
1-Oct-23,"  4,258.98","4,258.98",14.3%,12%,10%
1-Sep-23,"  4,409.10","4,409.10",14.5%,12%,10%
1-Aug-23,"  4,426.24","4,426.24",6.4%,6%,6%
1-Jul-23,"  4,508.08","4,508.08",15.2%,12%,10%
1-Jun-23,"  4,345.37","4,345.37",11.4%,11%,10%
1-May-23,"  4,146.17","4,146.17",2.6%,3%,3%
1-Apr-23,"  4,121.47","4,121.47",-6.1%,0%,0%
1-Mar-23,"  3,968.56","3,968.56",-9.6%,0%,0%
1-Feb-23,"  4,079.68","4,079.68",-8.0%,0%,0%
1-Jan-23,"  3,960.66","3,960.66",-13.4%,0%,0%
1-Dec-22,"  3,912.38","3,912.38",-16.3%,0%,0%
1-Nov-22,"  3,917.49","3,917.49",-16.1%,0%,0%
1-Oct-22,"  3,726.05","3,726.05",-16.5%,0%,0%
1-Sep-22,"  3,850.52","3,850.52",-13.4%,0%,0%
1-Aug-22,"  4,158.56","4,158.56",-6.6%,0%,0%
1-Jul-22,"  3,911.73","3,911.73",-10.4%,0%,0%
1-Jun-22,"  3,898.95","3,898.95",-8.0%,0%,0%
1-May-22,"  4,040.36","4,040.36",-3.1%,0%,0%
1-Apr-22,"  4,391.30","4,391.30",6.0%,6%,6%
1-Mar-22,"  4,391.27","4,391.27",12.3%,12%,10%
1-Feb-22,"  4,435.98","4,435.98",14.2%,12%,10%
1-Jan-22,"  4,573.82","4,573.82",20.6%,12%,10%
1-Dec-21,"  4,674.77","4,674.77",26.5%,12%,10%
1-Nov-21,"  4,667.39","4,667.39",31.5%,12%,10%
1-Oct-21,"  4,460.71","4,460.71",30.5%,12%,10%
1-Sep-21,"  4,445.54","4,445.54",32.1%,12%,10%
1-Aug-21,"  4,454.21","4,454.21",31.3%,12%,10%
1-Jul-21,"  4,363.71","4,363.71",36.0%,12%,10%
1-Jun-21,"  4,238.49","4,238.49",36.5%,12%,10%
1-May-21,"  4,167.85","4,167.85",42.8%,12%,10%
1-Apr-21,"  4,141.18","4,141.18",49.9%,12%,10%
1-Mar-21,"  3,910.51","3,910.51",47.4%,12%,10%
1-Feb-21,"  3,883.43","3,883.43",18.5%,12%,10%
1-Jan-21,"  3,793.75","3,793.75",15.7%,12%,10%
1-Dec-20,"  3,695.31","3,695.31",16.3%,12%,10%
1-Nov-20,"  3,548.99","3,548.99",14.3%,12%,10%
1-Oct-20,"  3,418.70","3,418.70",14.8%,12%,10%
1-Sep-20,"  3,365.52","3,365.52",12.9%,12%,10%
1-Aug-20,"  3,391.71","3,391.71",17.1%,12%,10%
1-Jul-20,"  3,207.62","3,207.62",7.1%,7%,7%
1-Jun-20,"  3,104.66","3,104.66",7.4%,7%,7%
1-May-20,"  2,919.61","2,919.61",2.3%,2%,2%
1-Apr-20,"  2,761.98","2,761.98",-4.9%,0%,0%
1-Mar-20,"  2,652.39","2,652.39",-5.4%,0%,0%
1-Feb-20,"  3,277.31","3,277.31",19.0%,12%,10%
1-Jan-20,"  3,278.20","3,278.20",25.7%,12%,10%
1-Dec-19,"  3,176.75","3,176.75",23.7%,12%,10%
1-Nov-19,"  3,104.90","3,104.90",14.0%,12%,10%
1-Oct-19,"  2,977.68","2,977.68",6.9%,7%,7%
1-Sep-19,"  2,982.16","2,982.16",2.8%,3%,3%
1-Aug-19,"  2,897.50","2,897.50",1.4%,1%,1%
1-Jul-19,"  2,996.11","2,996.11",7.2%,7%,7%
1-Jun-19,"  2,890.17","2,890.17",4.9%,5%,5%
1-May-19,"  2,854.71","2,854.71",5.7%,6%,6%
1-Apr-19,"  2,903.80","2,903.80",9.4%,9%,9%
1-Mar-19,"  2,803.98","2,803.98",3.7%,4%,4%
1-Feb-19,"  2,754.86","2,754.86",1.8%,2%,2%
1-Jan-19,"  2,607.39","2,607.39",-6.5%,0%,0%
1-Dec-18,"  2,567.31","2,567.31",-3.6%,0%,0%
1-Nov-18,"  2,723.23","2,723.23",5.0%,5%,5%
1-Oct-18,"  2,785.46","2,785.46",8.9%,9%,9%
1-Sep-18,"  2,901.50","2,901.50",16.4%,12%,10%
1-Aug-18,"  2,857.82","2,857.82",16.4%,12%,10%
1-Jul-18,"  2,793.64","2,793.64",13.8%,12%,10%
1-Jun-18,"  2,754.35","2,754.35",13.2%,12%,10%
1-May-18,"  2,701.49","2,701.49",12.8%,12%,10%
1-Apr-18,"  2,653.63","2,653.63",12.5%,12%,10%
1-Mar-18,"  2,702.77","2,702.77",14.2%,12%,10%
1-Feb-18,"  2,705.16","2,705.16",16.1%,12%,10%
1-Jan-18,"  2,789.80","2,789.80",22.6%,12%,10%
1-Dec-17,"  2,664.34","2,664.34",18.6%,12%,10%
1-Nov-17,"  2,593.61","2,593.61",19.8%,12%,10%
1-Oct-17,"  2,557.00","2,557.00",19.3%,12%,10%
1-Sep-17,"  2,492.84","2,492.84",15.5%,12%,10%
1-Aug-17,"  2,456.22","2,456.22",13.1%,12%,10%
1-Jul-17,"  2,454.10","2,454.10",14.2%,12%,10%
1-Jun-17,"  2,433.99","2,433.99",16.8%,12%,10%
1-May-17,"  2,395.35","2,395.35",16.0%,12%,10%
1-Apr-17,"  2,359.31","2,359.31",13.7%,12%,10%
1-Mar-17,"  2,366.82","2,366.82",17.1%,12%,10%
1-Feb-17,"  2,329.91","2,329.91",22.3%,12%,10%
1-Jan-17,"  2,275.12","2,275.12",18.6%,12%,10%
1-Dec-16,"  2,246.63","2,246.63",9.4%,9%,9%
1-Nov-16,"  2,164.99","2,164.99",4.1%,4%,4%
1-Oct-16,"  2,143.02","2,143.02",5.8%,6%,6%
1-Sep-16,"  2,157.69","2,157.69",11.0%,11%,10%
1-Aug-16,"  2,170.95","2,170.95",6.4%,6%,6%
1-Jul-16,"  2,148.90","2,148.90",2.6%,3%,3%
1-Jun-16,"  2,083.89","2,083.89",-0.7%,0%,0%
1-May-16,"  2,065.55","2,065.55",-2.2%,0%,0%
1-Apr-16,"  2,075.54","2,075.54",-0.9%,0%,0%
1-Mar-16,"  2,021.95","2,021.95",-2.8%,0%,0%
1-Feb-16,"  1,904.42","1,904.42",-8.5%,0%,0%
1-Jan-16,"  1,918.60","1,918.60",-5.4%,0%,0%
1-Dec-15,"  2,054.08","2,054.08",0.0%,0%,0%
1-Nov-15,"  2,080.62","2,080.62",1.8%,2%,2%
1-Oct-15,"  2,024.81","2,024.81",4.5%,5%,5%
1-Sep-15,"  1,944.41","1,944.41",-2.4%,0%,0%
1-Aug-15,"  2,039.87","2,039.87",4.0%,4%,4%
1-Jul-15,"  2,094.14","2,094.14",6.1%,6%,6%
1-Jun-15,"  2,099.29","2,099.29",7.8%,8%,8%
1-May-15,"  2,111.94","2,111.94",11.8%,12%,10%
1-Apr-15,"  2,094.86","2,094.86",12.4%,12%,10%
1-Mar-15,"  2,079.99","2,079.99",11.6%,12%,10%
1-Feb-15,"  2,082.20","2,082.20",14.6%,12%,10%
1-Jan-15,"  2,028.18","2,028.18",11.3%,11%,10%
1-Dec-14,"  2,054.27","2,054.27",13.6%,12%,10%
1-Nov-14,"  2,044.57","2,044.57",14.6%,12%,10%
1-Oct-14,"  1,937.27","1,937.27",12.6%,12%,10%
1-Sep-14,"  1,993.23","1,993.23",18.1%,12%,10%
1-Aug-14,"  1,961.53","1,961.53",17.5%,12%,10%
1-Jul-14,"  1,973.10","1,973.10",18.2%,12%,10%
1-Jun-14,"  1,947.09","1,947.09",20.3%,12%,10%
1-May-14,"  1,889.77","1,889.77",15.2%,12%,10%
1-Apr-14,"  1,864.26","1,864.26",18.7%,12%,10%
1-Mar-14,"  1,863.52","1,863.52",20.2%,12%,10%
1-Feb-14,"  1,817.04","1,817.04",20.1%,12%,10%
1-Jan-14,"  1,822.36","1,822.36",23.1%,12%,10%
1-Dec-13,"  1,807.78","1,807.78",27.1%,12%,10%
1-Nov-13,"  1,783.54","1,783.54",27.9%,12%,10%
1-Oct-13,"  1,720.03","1,720.03",19.6%,12%,10%
1-Sep-13,"  1,687.17","1,687.17",16.9%,12%,10%
1-Aug-13,"  1,670.09","1,670.09",19.0%,12%,10%
1-Jul-13,"  1,668.68","1,668.68",22.7%,12%,10%
1-Jun-13,"  1,618.77","1,618.77",22.3%,12%,10%
1-May-13,"  1,639.84","1,639.84",22.3%,12%,10%
1-Apr-13,"  1,570.70","1,570.70",13.3%,12%,10%
1-Mar-13,"  1,550.83","1,550.83",11.6%,12%,10%
1-Feb-13,"  1,512.31","1,512.31",11.8%,12%,10%
1-Jan-13,"  1,480.40","1,480.40",13.8%,12%,10%
1-Dec-12,"  1,422.29","1,422.29",14.4%,12%,10%
1-Nov-12,"  1,394.51","1,394.51",13.7%,12%,10%
1-Oct-12,"  1,437.82","1,437.82",19.1%,12%,10%
1-Sep-12,"  1,443.42","1,443.42",23.0%,12%,10%
1-Aug-12,"  1,403.45","1,403.45",18.4%,12%,10%
1-Jul-12,"  1,359.78","1,359.78",2.6%,3%,3%
1-Jun-12,"  1,323.48","1,323.48",2.8%,3%,3%
1-May-12,"  1,341.27","1,341.27",0.2%,0%,0%
1-Apr-12,"  1,386.43","1,386.43",4.1%,4%,4%
1-Mar-12,"  1,389.24","1,389.24",6.5%,6%,6%
1-Feb-12,"  1,352.49","1,352.49",2.4%,2%,2%
1-Jan-12,"  1,300.58","1,300.58",1.4%,1%,1%
1-Dec-11,"  1,243.32","1,243.32",0.1%,0%,0%
1-Nov-11,"  1,226.42","1,226.42",2.3%,2%,2%
1-Oct-11,"  1,207.22","1,207.22",3.0%,3%,3%
1-Sep-11,"  1,173.88","1,173.88",4.6%,5%,5%
1-Aug-11,"  1,185.31","1,185.31",9.0%,9%,9%
1-Jul-11,"  1,325.19","1,325.19",22.7%,12%,10%
1-Jun-11,"  1,287.29","1,287.29",18.8%,12%,10%
1-May-11,"  1,338.31","1,338.31",19.0%,12%,10%
1-Apr-11,"  1,331.51","1,331.51",11.2%,11%,10%
1-Mar-11,"  1,304.49","1,304.49",13.2%,12%,10%
1-Feb-11,"  1,321.12","1,321.12",21.3%,12%,10%
1-Jan-11,"  1,282.62","1,282.62",14.2%,12%,10%
1-Dec-10,"  1,241.53","1,241.53",11.8%,12%,10%
1-Nov-10,"  1,198.89","1,198.89",10.2%,10%,10%
1-Oct-10,"  1,171.58","1,171.58",9.7%,10%,10%
1-Sep-10,"  1,122.08","1,122.08",7.4%,7%,7%
1-Aug-10,"  1,087.28","1,087.28",7.7%,8%,8%
1-Jul-10,"  1,079.80","1,079.80",15.4%,12%,10%
1-Jun-10,"  1,083.36","1,083.36",17.0%,12%,10%
1-May-10,"  1,125.06","1,125.06",24.7%,12%,10%
1-Apr-10,"  1,197.32","1,197.32",41.2%,12%,10%
1-Mar-10,"  1,152.05","1,152.05",52.2%,12%,10%
1-Feb-10,"  1,089.16","1,089.16",35.3%,12%,10%
1-Jan-10,"  1,123.58","1,123.58",29.8%,12%,10%
1-Dec-09,"  1,110.38","1,110.38",26.5%,12%,10%
1-Nov-09,"  1,088.07","1,088.07",23.2%,12%,10%
1-Oct-09,"  1,067.66","1,067.66",10.2%,10%,10%
1-Sep-09,"  1,044.55","1,044.55",-14.2%,0%,0%
1-Aug-09,"  1,009.73","1,009.73",-21.2%,0%,0%
1-Jul-09,  935.82,935.82,-25.6%,0%,0%
1-Jun-09,  926.12,926.12,-31.0%,0%,0%
1-May-09,  902.41,902.41,-35.7%,0%,0%
1-Apr-09,  848.15,848.15,-38.1%,0%,0%
1-Mar-09,  757.13,757.13,-42.5%,0%,0%
1-Feb-09,  805.23,805.23,-40.6%,0%,0%
1-Jan-09,  865.58,865.58,-37.2%,0%,0%
1-Dec-08,  877.56,877.56,-40.7%,0%,0%
1-Nov-08,  883.04,883.04,-39.7%,0%,0%
1-Oct-08,  968.80,968.8,-37.1%,0%,0%
1-Sep-08,"  1,216.95","1,216.95",-18.7%,0%,0%
1-Aug-08,"  1,281.47","1,281.47",-11.9%,0%,0%
1-Jul-08,"  1,257.33","1,257.33",-17.3%,0%,0%
1-Jun-08,"  1,341.25","1,341.25",-11.4%,0%,0%
1-May-08,"  1,403.22","1,403.22",-7.1%,0%,0%
1-Apr-08,"  1,370.47","1,370.47",-6.4%,0%,0%
1-Mar-08,"  1,316.94","1,316.94",-6.4%,0%,0%
1-Feb-08,"  1,354.87","1,354.87",-6.2%,0%,0%
1-Jan-08,"  1,378.76","1,378.76",-3.2%,0%,0%
1-Dec-07,"  1,479.22","1,479.22",4.4%,4%,4%
1-Nov-07,"  1,463.39","1,463.39",5.4%,5%,5%
1-Oct-07,"  1,539.66","1,539.66",12.9%,12%,10%
1-Sep-07,"  1,497.12","1,497.12",13.6%,12%,10%
1-Aug-07,"  1,454.62","1,454.62",13.0%,12%,10%
1-Jul-07,"  1,520.71","1,520.71",20.7%,12%,10%
1-Jun-07,"  1,514.19","1,514.19",20.8%,12%,10%
1-May-07,"  1,511.14","1,511.14",17.1%,12%,10%
1-Apr-07,"  1,463.64","1,463.64",12.4%,12%,10%
1-Mar-07,"  1,406.95","1,406.95",8.8%,9%,9%
1-Feb-07,"  1,444.80","1,444.80",13.2%,12%,10%
1-Jan-07,"  1,424.16","1,424.16",11.4%,11%,10%
1-Dec-06,"  1,416.42","1,416.42",12.2%,12%,10%
1-Nov-06,"  1,388.64","1,388.64",12.2%,12%,10%
1-Oct-06,"  1,363.38","1,363.38",14.4%,12%,10%
1-Sep-06,"  1,317.74","1,317.74",7.5%,7%,7%
1-Aug-06,"  1,287.15","1,287.15",5.1%,5%,5%
1-Jul-06,"  1,260.24","1,260.24",3.1%,3%,3%
1-Jun-06,"  1,253.17","1,253.17",4.2%,4%,4%
1-May-06,"  1,290.01","1,290.01",9.5%,9%,9%
1-Apr-06,"  1,302.17","1,302.17",11.8%,12%,10%
1-Mar-06,"  1,293.74","1,293.74",8.3%,8%,8%
1-Feb-06,"  1,276.65","1,276.65",6.4%,6%,6%
1-Jan-06,"  1,278.73","1,278.73",8.2%,8%,8%
1-Dec-05,"  1,262.07","1,262.07",5.2%,5%,5%
1-Nov-05,"  1,237.37","1,237.37",5.9%,6%,6%
1-Oct-05,"  1,191.96","1,191.96",6.7%,7%,7%
1-Sep-05,"  1,225.92","1,225.92",9.7%,10%,10%
1-Aug-05,"  1,224.27","1,224.27",12.4%,12%,10%
1-Jul-05,"  1,222.24","1,222.24",10.5%,11%,10%
1-Jun-05,"  1,202.25","1,202.25",6.1%,6%,6%
1-May-05,"  1,178.28","1,178.28",6.8%,7%,7%
1-Apr-05,"  1,164.43","1,164.43",2.7%,3%,3%
1-Mar-05,"  1,194.90","1,194.90",6.3%,6%,6%
1-Feb-05,"  1,199.63","1,199.63",4.9%,5%,5%
1-Jan-05,"  1,181.41","1,181.41",4.3%,4%,4%
1-Dec-04,"  1,199.21","1,199.21",11.0%,11%,10%
1-Nov-04,"  1,168.94","1,168.94",11.3%,11%,10%
1-Oct-04,"  1,117.21","1,117.21",7.6%,8%,8%
1-Sep-04,"  1,117.66","1,117.66",9.6%,10%,10%
1-Aug-04,"  1,088.94","1,088.94",10.0%,10%,10%
1-Jul-04,"  1,105.85","1,105.85",11.4%,11%,10%
1-Jun-04,"  1,132.76","1,132.76",14.7%,12%,10%
1-May-04,"  1,102.78","1,102.78",17.8%,12%,10%
1-Apr-04,"  1,133.36","1,133.36",27.3%,12%,10%
1-Mar-04,"  1,123.98","1,123.98",32.8%,12%,10%
1-Feb-04,"  1,143.36","1,143.36",36.6%,12%,10%
1-Jan-04,"  1,132.52","1,132.52",26.4%,12%,10%
1-Dec-03,"  1,080.64","1,080.64",20.2%,12%,10%
1-Nov-03,"  1,049.90","1,049.90",15.4%,12%,10%
1-Oct-03,"  1,038.73","1,038.73",21.5%,12%,10%
1-Sep-03,"  1,019.44","1,019.44",17.5%,12%,10%
1-Aug-03,  989.53,989.53,8.4%,8%,8%
1-Jul-03,  992.54,992.54,9.8%,10%,10%
1-Jun-03,  988.00,988,-2.6%,0%,0%
1-May-03,  935.96,935.96,-13.3%,0%,0%
1-Apr-03,  890.03,890.03,-20.0%,0%,0%
1-Mar-03,  846.63,846.63,-26.6%,0%,0%
1-Feb-03,  837.03,837.03,-24.0%,0%,0%
1-Jan-03,  895.84,895.84,-21.4%,0%,0%
1-Dec-02,  899.18,899.18,-21.5%,0%,0%
1-Nov-02,  909.93,909.93,-19.5%,0%,0%
1-Oct-02,  854.63,854.63,-20.6%,0%,0%
1-Sep-02,  867.81,867.81,-16.9%,0%,0%
1-Aug-02,  912.55,912.55,-22.6%,0%,0%
1-Jul-02,  903.59,903.59,-25.0%,0%,0%
1-Jun-02,"  1,014.02","1,014.02",-18.1%,0%,0%
1-May-02,"  1,079.25","1,079.25",-15.0%,0%,0%
1-Apr-02,"  1,111.93","1,111.93",-6.5%,0%,0%
1-Mar-02,"  1,153.79","1,153.79",-2.7%,0%,0%
1-Feb-02,"  1,100.67","1,100.67",-15.7%,0%,0%
1-Jan-02,"  1,140.21","1,140.21",-14.6%,0%,0%
1-Dec-01,"  1,144.93","1,144.93",-14.0%,0%,0%
1-Nov-01,"  1,129.68","1,129.68",-18.0%,0%,0%
1-Oct-01,"  1,076.59","1,076.59",-22.6%,0%,0%
1-Sep-01,"  1,044.64","1,044.64",-28.8%,0%,0%
1-Aug-01,"  1,178.50","1,178.50",-20.7%,0%,0%
1-Jul-01,"  1,204.45","1,204.45",-18.2%,0%,0%
1-Jun-01,"  1,238.71","1,238.71",-15.3%,0%,0%
1-May-01,"  1,270.37","1,270.37",-10.4%,0%,0%
1-Apr-01,"  1,189.84","1,189.84",-18.6%,0%,0%
1-Mar-01,"  1,185.85","1,185.85",-17.8%,0%,0%
1-Feb-01,"  1,305.75","1,305.75",-6.0%,0%,0%
1-Jan-01,"  1,335.63","1,335.63",-6.3%,0%,0%
1-Dec-00,"  1,330.93","1,330.93",-6.8%,0%,0%
1-Nov-00,"  1,378.04","1,378.04",-0.9%,0%,0%
1-Oct-00,"  1,390.14","1,390.14",6.9%,7%,7%
1-Sep-00,"  1,468.05","1,468.05",11.4%,11%,10%
1-Aug-00,"  1,485.46","1,485.46",11.9%,12%,10%
1-Jul-00,"  1,473.00","1,473.00",6.7%,7%,7%
1-Jun-00,"  1,461.96","1,461.96",10.5%,11%,10%
1-May-00,"  1,418.48","1,418.48",6.5%,6%,6%
1-Apr-00,"  1,461.36","1,461.36",9.5%,9%,9%
1-Mar-00,"  1,442.21","1,442.21",12.5%,12%,10%
1-Feb-00,"  1,388.87","1,388.87",11.4%,11%,10%
1-Jan-00,"  1,425.59","1,425.59",14.2%,12%,10%
1-Dec-99,"  1,428.68","1,428.68",20.1%,12%,10%
1-Nov-99,"  1,391.00","1,391.00",21.5%,12%,10%
1-Oct-99,"  1,300.01","1,300.01",25.9%,12%,10%
1-Sep-99,"  1,318.17","1,318.17",29.2%,12%,10%
1-Aug-99,"  1,327.49","1,327.49",23.5%,12%,10%
1-Jul-99,"  1,380.99","1,380.99",19.4%,12%,10%
1-Jun-99,"  1,322.55","1,322.55",19.3%,12%,10%
1-May-99,"  1,332.07","1,332.07",20.2%,12%,10%
1-Apr-99,"  1,334.76","1,334.76",20.0%,12%,10%
1-Mar-99,"  1,281.66","1,281.66",19.0%,12%,10%
1-Feb-99,"  1,246.58","1,246.58",21.8%,12%,10%
1-Jan-99,"  1,248.77","1,248.77",29.6%,12%,10%
1-Dec-98,"  1,190.05","1,190.05",23.7%,12%,10%
1-Nov-98,"  1,144.43","1,144.43",21.9%,12%,10%
1-Oct-98,"  1,032.47","1,032.47",8.5%,9%,9%
1-Sep-98,"  1,020.64","1,020.64",8.9%,9%,9%
1-Aug-98,"  1,074.62","1,074.62",15.9%,12%,10%
1-Jul-98,"  1,156.58","1,156.58",25.0%,12%,10%
1-Jun-98,"  1,108.39","1,108.39",26.5%,12%,10%
1-May-98,"  1,108.42","1,108.42",33.0%,12%,10%
1-Apr-98,"  1,112.20","1,112.20",45.6%,12%,10%
1-Mar-98,"  1,076.83","1,076.83",35.9%,12%,10%
1-Feb-98,"  1,023.74","1,023.74",28.2%,12%,10%
1-Jan-98,  963.36,963.36,25.7%,12%,10%
1-Dec-97,  962.37,962.37,29.5%,12%,10%
1-Nov-97,  938.92,938.92,27.6%,12%,10%
1-Oct-97,  951.16,951.16,35.6%,12%,10%
1-Sep-97,  937.02,937.02,38.8%,12%,10%
1-Aug-97,  927.24,927.24,39.9%,12%,10%
1-Jul-97,  925.29,925.29,43.7%,12%,10%
1-Jun-97,  876.29,876.29,31.1%,12%,10%
1-May-97,  833.09,833.09,26.0%,12%,10%
1-Apr-97,  763.93,763.93,18.0%,12%,10%
1-Mar-97,  792.16,792.16,22.4%,12%,10%
1-Feb-97,  798.39,798.39,22.9%,12%,10%
1-Jan-97,  766.22,766.22,24.7%,12%,10%
1-Dec-96,  743.25,743.25,20.9%,12%,10%
1-Nov-96,  735.67,735.67,23.5%,12%,10%
1-Oct-96,  701.46,701.46,20.3%,12%,10%
1-Sep-96,  674.88,674.88,16.6%,12%,10%
1-Aug-96,  662.68,662.68,18.5%,12%,10%
1-Jul-96,  644.07,644.07,15.6%,12%,10%
1-Jun-96,  668.50,668.5,23.9%,12%,10%
1-May-96,  661.23,661.23,26.2%,12%,10%
1-Apr-96,  647.17,647.17,27.4%,12%,10%
1-Mar-96,  647.07,647.07,31.2%,12%,10%
1-Feb-96,  649.54,649.54,34.8%,12%,10%
1-Jan-96,  614.42,614.42,32.1%,12%,10%
1-Dec-95,  614.57,614.57,35.0%,12%,10%
1-Nov-95,  595.53,595.53,29.2%,12%,10%
1-Oct-95,  582.92,582.92,25.7%,12%,10%
1-Sep-95,  578.77,578.77,23.9%,12%,10%
1-Aug-95,  559.11,559.11,20.4%,12%,10%
1-Jul-95,  557.37,557.37,23.5%,12%,10%
1-Jun-95,  539.35,539.35,18.6%,12%,10%
1-May-95,  523.81,523.81,16.2%,12%,10%
1-Apr-95,  507.91,507.91,13.6%,12%,10%
1-Mar-95,  493.15,493.15,6.3%,6%,6%
1-Feb-95,  481.92,481.92,2.2%,2%,2%
1-Jan-95,  465.25,465.25,-1.6%,0%,0%
1-Dec-94,  455.19,455.19,-2.3%,0%,0%
1-Nov-94,  461.01,461.01,-0.4%,0%,0%
1-Oct-94,  463.81,463.81,0.0%,0%,0%
1-Sep-94,  466.96,466.96,1.7%,2%,2%
1-Aug-94,  464.24,464.24,2.2%,2%,2%
1-Jul-94,  451.40,451.4,0.9%,1%,1%
1-Jun-94,  454.83,454.83,1.5%,2%,2%
1-May-94,  450.90,450.9,1.3%,1%,1%
1-Apr-94,  447.23,447.23,0.9%,1%,1%
1-Mar-94,  463.81,463.81,3.0%,3%,3%
1-Feb-94,  471.58,471.58,6.8%,7%,7%
1-Jan-94,  472.99,472.99,8.7%,9%,9%
1-Dec-93,  465.95,465.95,7.0%,7%,7%
1-Nov-93,  462.89,462.89,9.5%,9%,9%
1-Oct-93,  463.90,463.9,12.5%,12%,10%
1-Sep-93,  459.24,459.24,9.7%,10%,10%
1-Aug-93,  454.13,454.13,8.7%,9%,9%
1-Jul-93,  447.29,447.29,7.8%,8%,8%
1-Jun-93,  448.06,448.06,9.7%,10%,10%
1-May-93,  445.25,445.25,7.3%,7%,7%
1-Apr-93,  443.08,443.08,8.8%,9%,9%
1-Mar-93,  450.16,450.16,10.5%,11%,10%
1-Feb-93,  441.70,441.7,7.1%,7%,7%
1-Jan-93,  435.23,435.23,4.6%,5%,5%
1-Dec-92,  435.64,435.64,12.1%,12%,10%
1-Nov-92,  422.84,422.84,9.6%,10%,10%
1-Oct-92,  412.50,412.5,6.6%,7%,7%
1-Sep-92,  418.48,418.48,8.1%,8%,8%
1-Aug-92,  417.93,417.93,7.3%,7%,7%
1-Jul-92,  415.05,415.05,9.2%,9%,9%
1-Jun-92,  408.27,408.27,7.9%,8%,8%
1-May-92,  414.81,414.81,9.7%,10%,10%
1-Apr-92,  407.41,407.41,7.3%,7%,7%
1-Mar-92,  407.36,407.36,9.4%,9%,9%
1-Feb-92,  412.56,412.56,13.9%,12%,10%
1-Jan-92,  416.08,416.08,27.8%,12%,10%
1-Dec-91,  388.51,388.51,18.2%,12%,10%
1-Nov-91,  385.92,385.92,22.4%,12%,10%
1-Oct-91,  386.88,386.88,26.0%,12%,10%
1-Sep-91,  387.20,387.2,22.8%,12%,10%
1-Aug-91,  389.40,389.4,17.7%,12%,10%
1-Jul-91,  380.23,380.23,5.6%,6%,6%
1-Jun-91,  378.29,378.29,5.0%,5%,5%
1-May-91,  377.99,377.99,7.9%,8%,8%
1-Apr-91,  379.68,379.68,12.3%,12%,10%
1-Mar-91,  372.28,372.28,10.0%,10%,10%
1-Feb-91,  362.26,362.26,9.6%,10%,10%
1-Jan-91,  325.49,325.49,-4.3%,0%,0%
1-Dec-90,  328.75,328.75,-5.7%,0%,0%
1-Nov-90,  315.29,315.29,-7.3%,0%,0%
1-Oct-90,  307.12,307.12,-11.6%,0%,0%
1-Sep-90,  315.41,315.41,-9.2%,0%,0%
1-Aug-90,  330.75,330.75,-4.6%,0%,0%
1-Jul-90,  360.03,360.03,8.5%,8%,8%
1-Jun-90,  360.39,360.39,11.3%,11%,10%
1-May-90,  350.25,350.25,11.6%,12%,10%
1-Apr-90,  338.18,338.18,11.9%,12%,10%
1-Mar-90,  338.46,338.46,15.6%,12%,10%
1-Feb-90,  330.45,330.45,12.4%,12%,10%
1-Jan-90,  339.97,339.97,19.1%,12%,10%
1-Dec-89,  348.60,348.6,26.1%,12%,10%
1-Nov-89,  340.20,340.2,25.5%,12%,10%
1-Oct-89,  347.40,347.4,25.2%,12%,10%
1-Sep-89,  347.30,347.3,29.6%,12%,10%
1-Aug-89,  346.60,346.6,31.4%,12%,10%
1-Jul-89,  331.90,331.9,23.3%,12%,10%
1-Jun-89,  323.70,323.7,19.6%,12%,10%
1-May-89,  313.90,313.9,22.6%,12%,10%
1-Apr-89,  302.30,302.3,15.1%,12%,10%
1-Mar-89,  292.70,292.7,10.2%,10%,10%
1-Feb-89,  294.00,294,13.9%,12%,10%
1-Jan-89,  285.40,285.4,13.9%,12%,10%
1-Dec-88,  276.50,276.5,14.7%,12%,10%
1-Nov-88,  271.00,271,10.6%,11%,10%
1-Oct-88,  277.40,277.4,-1.0%,0%,0%
1-Sep-88,  268.00,268,-15.9%,0%,0%
1-Aug-88,  263.70,263.7,-19.9%,0%,0%
1-Jul-88,  269.10,269.1,-13.2%,0%,0%
1-Jun-88,  270.70,270.7,-10.2%,0%,0%
1-May-88,  256.10,256.1,-11.4%,0%,0%
1-Apr-88,  262.60,262.6,-9.2%,0%,0%
1-Mar-88,  265.70,265.7,-9.2%,0%,0%
1-Feb-88,  258.10,258.1,-8.1%,0%,0%
1-Jan-88,  250.50,250.5,-5.3%,0%,0%
1-Dec-87,  241.00,241,-3.1%,0%,0%
1-Nov-87,  245.00,245,0.0%,0%,0%
1-Oct-87,  280.20,280.2,18.0%,12%,10%
1-Sep-87,  318.70,318.7,33.7%,12%,10%
1-Aug-87,  329.40,329.4,34.4%,12%,10%
1-Jul-87,  310.10,310.1,29.1%,12%,10%
1-Jun-87,  301.40,301.4,22.9%,12%,10%
1-May-87,  289.10,289.1,21.2%,12%,10%
1-Apr-87,  289.30,289.3,21.6%,12%,10%
1-Mar-87,  292.50,292.5,25.9%,12%,10%
1-Feb-87,  280.90,280.9,28.0%,12%,10%
1-Jan-87,  264.50,264.5,27.0%,12%,10%
1-Dec-86,  248.60,248.6,19.9%,12%,10%
1-Nov-86,  245.10,245.1,24.1%,12%,10%
1-Oct-86,  237.40,237.4,27.5%,12%,10%
1-Sep-86,  238.30,238.3,29.4%,12%,10%
1-Aug-86,  245.00,245,30.1%,12%,10%
1-Jul-86,  240.20,240.2,24.8%,12%,10%
1-Jun-86,  245.30,245.3,29.9%,12%,10%
1-May-86,  238.50,238.5,29.0%,12%,10%
1-Apr-86,  238.00,238,31.8%,12%,10%
1-Mar-86,  232.30,232.3,29.5%,12%,10%
1-Feb-86,  219.40,219.4,21.3%,12%,10%
1-Jan-86,  208.20,208.2,21.3%,12%,10%
1-Dec-85,  207.30,207.3,26.0%,12%,10%
1-Nov-85,  197.50,197.5,18.8%,12%,10%
1-Oct-85,  186.20,186.2,13.0%,12%,10%
1-Sep-85,  184.10,184.1,10.8%,11%,10%
1-Aug-85,  188.30,188.3,14.5%,12%,10%
1-Jul-85,  192.50,192.5,27.4%,12%,10%
1-Jun-85,  188.90,188.9,23.4%,12%,10%
1-May-85,  184.90,184.9,18.1%,12%,10%
1-Apr-85,  180.60,180.6,14.6%,12%,10%
1-Mar-85,  179.40,179.4,14.0%,12%,10%
1-Feb-85,  180.90,180.9,15.0%,12%,10%
1-Jan-85,  171.60,171.6,3.1%,3%,3%
1-Dec-84,  164.50,164.5,0.1%,0%,0%
1-Nov-84,  166.30,166.3,0.7%,1%,1%
1-Oct-84,  164.80,164.8,-1.7%,0%,0%
1-Sep-84,  166.10,166.1,-0.7%,0%,0%
1-Aug-84,  164.40,164.4,1.2%,1%,1%
1-Jul-84,  151.10,151.1,-9.5%,0%,0%
1-Jun-84,  153.10,153.1,-8.0%,0%,0%
1-May-84,  156.60,156.6,-4.6%,0%,0%
1-Apr-84,  157.60,157.6,-0.1%,0%,0%
1-Mar-84,  157.40,157.4,3.6%,4%,4%
1-Feb-84,  157.30,157.3,7.2%,7%,7%
1-Jan-84,  166.40,166.4,15.3%,12%,10%
1-Dec-83,  164.40,164.4,17.9%,12%,10%
1-Nov-83,  165.20,165.2,19.6%,12%,10%
1-Oct-83,  167.70,167.7,26.4%,12%,10%
1-Sep-83,  167.20,167.2,36.6%,12%,10%
1-Aug-83,  162.40,162.4,48.0%,12%,10%
1-Jul-83,  167.00,167,52.7%,12%,10%
1-Jun-83,  166.40,166.4,51.7%,12%,10%
1-May-83,  164.10,164.1,41.0%,12%,10%
1-Apr-83,  157.70,157.7,35.6%,12%,10%
1-Mar-83,  151.90,151.9,37.1%,12%,10%
1-Feb-83,  146.80,146.8,28.2%,12%,10%
1-Jan-83,  144.30,144.3,23.0%,12%,10%
1-Dec-82,  139.40,139.4,12.6%,12%,10%
1-Nov-82,  138.10,138.1,12.4%,12%,10%
1-Oct-82,  132.70,132.7,10.8%,11%,10%
1-Sep-82,  122.40,122.4,3.5%,3%,3%
1-Aug-82,  109.70,109.7,-15.4%,0%,0%
1-Jul-82,  109.40,109.4,-15.3%,0%,0%
1-Jun-82,  109.70,109.7,-17.1%,0%,0%
1-May-82,  116.40,116.4,-11.6%,0%,0%
1-Apr-82,  116.30,116.3,-13.5%,0%,0%
1-Mar-82,  110.80,110.8,-16.8%,0%,0%
1-Feb-82,  114.50,114.5,-10.8%,0%,0%
1-Jan-82,  117.30,117.3,-11.8%,0%,0%
1-Dec-81,  123.80,123.8,-7.3%,0%,0%
1-Nov-81,  122.90,122.9,-9.4%,0%,0%
1-Oct-81,  119.80,119.8,-8.0%,0%,0%
1-Sep-81,  118.30,118.3,-6.5%,0%,0%
1-Aug-81,  129.60,129.6,4.9%,5%,5%
1-Jul-81,  129.10,129.1,7.8%,8%,8%
1-Jun-81,  132.30,132.3,15.4%,12%,10%
1-May-81,  131.70,131.7,22.3%,12%,10%
1-Apr-81,  134.40,134.4,30.5%,12%,10%
1-Mar-81,  133.20,133.2,27.2%,12%,10%
1-Feb-81,  128.40,128.4,11.4%,11%,10%
1-Jan-81,  133.00,133,19.9%,12%,10%
1-Dec-80,  133.50,133.5,23.8%,12%,10%
1-Nov-80,  135.70,135.7,30.9%,12%,10%
1-Oct-80,  130.20,130.2,24.6%,12%,10%
1-Sep-80,  126.50,126.5,16.5%,12%,10%
1-Aug-80,  123.50,123.5,15.0%,12%,10%
1-Jul-80,  119.80,119.8,16.7%,12%,10%
1-Jun-80,  114.60,114.6,12.7%,12%,10%
1-May-80,  107.70,107.7,8.0%,8%,8%
1-Apr-80,  103.00,103,0.9%,1%,1%
1-Mar-80,  104.70,104.7,4.6%,5%,5%
1-Feb-80,  115.30,115.3,17.4%,12%,10%
1-Jan-80,  110.90,110.9,11.2%,11%,10%
1-Dec-79,  107.80,107.8,12.2%,12%,10%
1-Nov-79,  103.70,103.7,9.5%,9%,9%
1-Oct-79,  104.50,104.5,3.9%,4%,4%
1-Sep-79,  108.60,108.6,4.5%,5%,5%
1-Aug-79,  107.40,107.4,3.4%,3%,3%
1-Jul-79,  102.70,102.7,5.7%,6%,6%
1-Jun-79,  101.70,101.7,4.1%,4%,4%
1-May-79,  99.73,99.73,2.4%,2%,2%
1-Apr-79,  102.10,102.1,10.1%,10%,10%
1-Mar-79,  100.10,100.1,12.7%,12%,10%
1-Feb-79,  98.23,98.23,10.4%,10%,10%
1-Jan-79,  99.71,99.71,10.5%,10%,10%
1-Dec-78,  96.11,96.11,2.4%,2%,2%
1-Nov-78,  94.71,94.71,0.5%,0%,0%
1-Oct-78,  100.60,100.6,7.3%,7%,7%
1-Sep-78,  103.90,103.9,8.0%,8%,8%
1-Aug-78,  103.90,103.9,6.3%,6%,6%
1-Jul-78,  97.19,97.19,-3.0%,0%,0%
1-Jun-78,  97.66,97.66,-1.6%,0%,0%
1-May-78,  97.41,97.41,-1.4%,0%,0%
1-Apr-78,  92.71,92.71,-6.4%,0%,0%
1-Mar-78,  88.82,88.82,-11.7%,0%,0%
1-Feb-78,  88.98,88.98,-11.9%,0%,0%
1-Jan-78,  90.25,90.25,-13.1%,0%,0%
1-Dec-77,  93.82,93.82,-10.4%,0%,0%
1-Nov-77,  94.28,94.28,-6.8%,0%,0%
1-Oct-77,  93.74,93.74,-8.0%,0%,0%
1-Sep-77,  96.23,96.23,-8.8%,0%,0%
1-Aug-77,  97.75,97.75,-5.4%,0%,0%
1-Jul-77,  100.20,100.2,-3.8%,0%,0%
1-Jun-77,  99.29,99.29,-2.5%,0%,0%
1-May-77,  98.76,98.76,-2.4%,0%,0%
1-Apr-77,  99.05,99.05,-2.8%,0%,0%
1-Mar-77,  100.60,100.6,-0.5%,0%,0%
1-Feb-77,  101.00,101,0.4%,0%,0%
1-Jan-77,  103.80,103.8,7.2%,7%,7%
1-Dec-76,  104.70,104.7,18.0%,12%,10%
1-Nov-76,  101.20,101.2,12.4%,12%,10%
1-Oct-76,  101.90,101.9,15.1%,12%,10%
1-Sep-76,  105.50,105.5,24.6%,12%,10%
1-Aug-76,  103.30,103.3,20.5%,12%,10%
1-Jul-76,  104.20,104.2,12.7%,12%,10%
1-Jun-76,  101.80,101.8,10.2%,10%,10%
1-May-76,  101.20,101.2,12.3%,12%,10%
1-Apr-76,  101.90,101.9,20.3%,12%,10%
1-Mar-76,  101.10,101.1,20.7%,12%,10%
1-Feb-76,  100.60,100.6,25.6%,12%,10%
1-Jan-76,  96.86,96.86,33.5%,12%,10%
1-Dec-75,  88.70,88.7,32.2%,12%,10%
1-Nov-75,  90.07,90.07,25.6%,12%,10%
1-Oct-75,  88.57,88.57,27.5%,12%,10%
1-Sep-75,  84.67,84.67,24.3%,12%,10%
1-Aug-75,  85.71,85.71,12.7%,12%,10%
1-Jul-75,  92.49,92.49,16.6%,12%,10%
1-Jun-75,  92.40,92.4,2.9%,3%,3%
1-May-75,  90.10,90.1,0.5%,0%,0%
1-Apr-75,  84.72,84.72,-8.4%,0%,0%
1-Mar-75,  83.78,83.78,-14.0%,0%,0%
1-Feb-75,  80.10,80.1,-14.3%,0%,0%
1-Jan-75,  72.56,72.56,-24.5%,0%,0%
1-Dec-74,  67.07,67.07,-29.2%,0%,0%
1-Nov-74,  71.74,71.74,-29.7%,0%,0%
1-Oct-74,  69.44,69.44,-36.8%,0%,0%
1-Sep-74,  68.12,68.12,-35.5%,0%,0%
1-Aug-74,  76.03,76.03,-26.8%,0%,0%
1-Jul-74,  79.31,79.31,-25.0%,0%,0%
1-Jun-74,  89.79,89.79,-14.3%,0%,0%
1-May-74,  89.67,89.67,-16.4%,0%,0%
1-Apr-74,  92.46,92.46,-16.2%,0%,0%
1-Mar-74,  97.44,97.44,-13.3%,0%,0%
1-Feb-74,  93.45,93.45,-18.2%,0%,0%
1-Jan-74,  96.11,96.11,-18.8%,0%,0%
1-Dec-73,  94.78,94.78,-19.3%,0%,0%
1-Nov-73,  102.00,102,-11.4%,0%,0%
1-Oct-73,  109.80,109.8,0.2%,0%,0%
1-Sep-73,  105.60,105.6,-3.5%,0%,0%
1-Aug-73,  103.80,103.8,-6.5%,0%,0%
1-Jul-73,  105.80,105.8,-1.3%,0%,0%
1-Jun-73,  104.80,104.8,-3.0%,0%,0%
1-May-73,  107.20,107.2,-0.5%,0%,0%
1-Apr-73,  110.30,110.3,1.4%,1%,1%
1-Mar-73,  112.40,112.4,4.4%,4%,4%
1-Feb-73,  114.20,114.2,8.6%,9%,9%
1-Jan-73,  118.40,118.4,14.6%,12%,10%
1-Dec-72,  117.50,117.5,18.5%,12%,10%
1-Nov-72,  115.10,115.1,24.1%,12%,10%
1-Oct-72,  109.60,109.6,12.7%,12%,10%
1-Sep-72,  109.40,109.4,10.1%,10%,10%
1-Aug-72,  111.00,111,14.2%,12%,10%
1-Jul-72,  107.20,107.2,8.3%,8%,8%
1-Jun-72,  108.00,108,8.3%,8%,8%
1-May-72,  107.70,107.7,6.0%,6%,6%
1-Apr-72,  108.80,108.8,5.6%,6%,6%
1-Mar-72,  107.70,107.7,8.1%,8%,8%
1-Feb-72,  105.20,105.2,8.3%,8%,8%
1-Jan-72,  103.30,103.3,10.5%,10%,10%
1-Dec-71,  99.17,99.17,10.1%,10%,10%
1-Nov-71,  92.78,92.78,10.1%,10%,10%
1-Oct-71,  97.29,97.29,15.3%,12%,10%
1-Sep-71,  99.40,99.4,20.4%,12%,10%
1-Aug-71,  97.24,97.24,24.8%,12%,10%
1-Jul-71,  99.00,99,30.7%,12%,10%
1-Jun-71,  99.72,99.72,31.9%,12%,10%
1-May-71,  101.60,101.6,33.6%,12%,10%
1-Apr-71,  103.00,103,19.8%,12%,10%
1-Mar-71,  99.60,99.6,12.4%,12%,10%
1-Feb-71,  97.11,97.11,11.4%,11%,10%
1-Jan-71,  93.49,93.49,3.5%,4%,4%
1-Dec-70,  90.05,90.05,-1.2%,0%,0%
1-Nov-70,  84.28,84.28,-12.4%,0%,0%
1-Oct-70,  84.37,84.37,-11.7%,0%,0%
1-Sep-70,  82.58,82.58,-12.6%,0%,0%
1-Aug-70,  77.92,77.92,-17.3%,0%,0%
1-Jul-70,  75.72,75.72,-20.1%,0%,0%
1-Jun-70,  75.59,75.59,-23.8%,0%,0%
1-May-70,  76.06,76.06,-27.3%,0%,0%
1-Apr-70,  85.95,85.95,-15.2%,0%,0%
1-Mar-70,  88.65,88.65,-10.7%,0%,0%
1-Feb-70,  87.16,87.16,-14.1%,0%,0%
1-Jan-70,  90.31,90.31,-11.5%,0%,0%
1-Dec-69,  91.11,91.11,-14.5%,0%,0%
1-Nov-69,  96.21,96.21,-8.7%,0%,0%
1-Oct-69,  95.52,95.52,-8.0%,0%,0%
1-Sep-69,  94.51,94.51,-6.7%,0%,0%
1-Aug-69,  94.18,94.18,-4.0%,0%,0%
1-Jul-69,  94.71,94.71,-5.6%,0%,0%
1-Jun-69,  99.14,99.14,-1.4%,0%,0%
1-May-69,  104.60,104.6,6.9%,7%,7%
1-Apr-69,  101.30,101.3,5.9%,6%,6%
1-Mar-69,  99.30,99.3,11.5%,11%,10%
1-Feb-69,  101.50,101.5,11.8%,12%,10%
1-Jan-69,  102.00,102,7.3%,7%,7%
1-Dec-68,  106.50,106.5,11.8%,12%,10%
1-Nov-68,  105.40,105.4,13.7%,12%,10%
1-Oct-68,  103.80,103.8,8.5%,9%,9%
1-Sep-68,  101.30,101.3,5.7%,6%,6%
1-Aug-68,  98.11,98.11,3.8%,4%,4%
1-Jul-68,  100.30,100.3,7.8%,8%,8%
1-Jun-68,  100.50,100.5,9.9%,10%,10%
1-May-68,  97.87,97.87,5.7%,6%,6%
1-Apr-68,  95.67,95.67,5.2%,5%,5%
1-Mar-68,  89.09,89.09,-0.4%,0%,0%
1-Feb-68,  90.75,90.75,3.9%,4%,4%
1-Jan-68,  95.04,95.04,12.5%,12%,10%
1-Dec-67,  95.30,95.3,17.2%,12%,10%
1-Nov-67,  92.66,92.66,14.4%,12%,10%
1-Oct-67,  95.66,95.66,24.0%,12%,10%
1-Sep-67,  95.81,95.81,23.1%,12%,10%
1-Aug-67,  94.49,94.49,17.2%,12%,10%
1-Jul-67,  93.01,93.01,8.4%,8%,8%
1-Jun-67,  91.43,91.43,6.2%,6%,6%
1-May-67,  92.59,92.59,6.7%,7%,7%
1-Apr-67,  90.96,90.96,-0.7%,0%,0%
1-Mar-67,  89.42,89.42,0.6%,1%,1%
1-Feb-67,  87.36,87.36,-5.8%,0%,0%
1-Jan-67,  84.45,84.45,-9.5%,0%,0%
1-Dec-66,  81.33,81.33,-11.3%,0%,0%
1-Nov-66,  80.99,80.99,-12.1%,0%,0%
1-Oct-66,  77.13,77.13,-15.6%,0%,0%
1-Sep-66,  77.81,77.81,-12.9%,0%,0%
1-Aug-66,  80.65,80.65,-6.8%,0%,0%
1-Jul-66,  85.84,85.84,1.1%,1%,1%
1-Jun-66,  86.06,86.06,1.2%,1%,1%
1-May-66,  86.78,86.78,-2.8%,0%,0%
1-Apr-66,  91.60,91.6,4.1%,4%,4%
1-Mar-66,  88.88,88.88,2.4%,2%,2%
1-Feb-66,  92.69,92.69,6.8%,7%,7%
1-Jan-66,  93.32,93.32,8.4%,8%,8%
1-Dec-65,  91.73,91.73,9.3%,9%,9%
1-Nov-65,  92.15,92.15,7.9%,8%,8%
1-Oct-65,  91.39,91.39,7.7%,8%,8%
1-Sep-65,  89.38,89.38,7.2%,7%,7%
1-Aug-65,  86.49,86.49,5.5%,5%,5%
1-Jul-65,  84.91,84.91,2.0%,2%,2%
1-Jun-65,  85.04,85.04,6.0%,6%,6%
1-May-65,  89.28,89.28,10.6%,11%,10%
1-Apr-65,  87.97,87.97,10.0%,10%,10%
1-Mar-65,  86.83,86.83,10.2%,10%,10%
1-Feb-65,  86.75,86.75,12.1%,12%,10%
1-Jan-65,  86.12,86.12,12.6%,12%,10%
1-Dec-64,  83.96,83.96,13.2%,12%,10%
1-Nov-64,  85.44,85.44,17.7%,12%,10%
1-Oct-64,  84.85,84.85,16.2%,12%,10%
1-Sep-64,  83.41,83.41,14.5%,12%,10%
1-Aug-64,  82.00,82,15.5%,12%,10%
1-Jul-64,  83.22,83.22,20.5%,12%,10%
1-Jun-64,  80.24,80.24,14.4%,12%,10%
1-May-64,  80.72,80.72,15.1%,12%,10%
1-Apr-64,  79.94,79.94,16.3%,12%,10%
1-Mar-64,  78.80,78.8,20.0%,12%,10%
1-Feb-64,  77.39,77.39,17.4%,12%,10%
1-Jan-64,  76.45,76.45,17.5%,12%,10%
1-Dec-63,  74.17,74.17,18.4%,12%,10%
1-Nov-63,  72.62,72.62,21.0%,12%,10%
1-Oct-63,  73.03,73.03,30.0%,12%,10%
1-Sep-63,  72.85,72.85,25.6%,12%,10%
1-Aug-63,  70.98,70.98,21.3%,12%,10%
1-Jul-63,  69.07,69.07,21.2%,12%,10%
1-Jun-63,  70.11,70.11,26.0%,12%,10%
1-May-63,  70.14,70.14,11.4%,11%,10%
1-Apr-63,  68.76,68.76,1.0%,1%,1%
1-Mar-63,  65.67,65.67,-6.6%,0%,0%
1-Feb-63,  65.92,65.92,-6.1%,0%,0%
1-Jan-63,  65.06,65.06,-5.8%,0%,0%
1-Dec-62,  62.64,62.64,-12.7%,0%,0%
1-Nov-62,  60.04,60.04,-15.5%,0%,0%
1-Oct-62,  56.17,56.17,-17.4%,0%,0%
1-Sep-62,  58.00,58,-13.8%,0%,0%
1-Aug-62,  58.52,58.52,-13.7%,0%,0%
1-Jul-62,  56.97,56.97,-12.9%,0%,0%
1-Jun-62,  55.63,55.63,-15.2%,0%,0%
1-May-62,  62.99,62.99,-5.3%,0%,0%
1-Apr-62,  68.05,68.05,3.4%,3%,3%
1-Mar-62,  70.29,70.29,9.6%,10%,10%
1-Feb-62,  70.22,70.22,12.9%,12%,10%
1-Jan-62,  69.07,69.07,15.7%,12%,10%
1-Dec-61,  71.74,71.74,26.3%,12%,10%
1-Nov-61,  71.08,71.08,28.1%,12%,10%
1-Oct-61,  68.00,68,26.6%,12%,10%
1-Sep-61,  67.26,67.26,22.7%,12%,10%
1-Aug-61,  67.79,67.79,20.0%,12%,10%
1-Jul-61,  65.44,65.44,17.2%,12%,10%
1-Jun-61,  65.62,65.62,14.6%,12%,10%
1-May-61,  66.50,66.5,20.4%,12%,10%
1-Apr-61,  65.83,65.83,18.1%,12%,10%
1-Mar-61,  64.12,64.12,16.5%,12%,10%
1-Feb-61,  62.17,62.17,11.5%,11%,10%
1-Jan-61,  59.72,59.72,2.9%,3%,3%
1-Dec-60,  56.80,56.8,-3.8%,0%,0%
1-Nov-60,  55.47,55.47,-3.1%,0%,0%
1-Oct-60,  53.73,53.73,-5.7%,0%,0%
1-Sep-60,  54.81,54.81,-3.9%,0%,0%
1-Aug-60,  56.51,56.51,-4.9%,0%,0%
1-Jul-60,  55.84,55.84,-6.5%,0%,0%
1-Jun-60,  57.26,57.26,-0.3%,0%,0%
1-May-60,  55.22,55.22,-4.7%,0%,0%
1-Apr-60,  55.73,55.73,-2.4%,0%,0%
1-Mar-60,  55.02,55.02,-2.0%,0%,0%
1-Feb-60,  55.78,55.78,1.8%,2%,2%
1-Jan-60,  58.03,58.03,4.3%,4%,4%
1-Dec-59,  59.06,59.06,10.4%,10%,10%
1-Nov-59,  57.23,57.23,9.0%,9%,9%
1-Oct-59,  57.00,57,11.9%,12%,10%
1-Sep-59,  57.05,57.05,16.5%,12%,10%
1-Aug-59,  59.40,59.4,24.5%,12%,10%
1-Jul-59,  59.74,59.74,29.9%,12%,10%
1-Jun-59,  57.46,57.46,28.4%,12%,10%
1-May-59,  57.96,57.96,32.6%,12%,10%
1-Apr-59,  57.10,57.1,34.9%,12%,10%
1-Mar-59,  56.16,56.16,33.4%,12%,10%
1-Feb-59,  54.77,54.77,32.7%,12%,10%
1-Jan-59,  55.62,55.62,35.3%,12%,10%
1-Dec-58,  53.49,53.49,32.6%,12%,10%
1-Nov-58,  52.50,52.5,30.1%,12%,10%
1-Oct-58,  50.95,50.95,23.5%,12%,10%
1-Sep-58,  48.96,48.96,11.3%,11%,10%
1-Aug-58,  47.70,47.7,4.1%,4%,4%
1-Jul-58,  45.98,45.98,-5.2%,0%,0%
1-Jun-58,  44.75,44.75,-5.9%,0%,0%
1-May-58,  43.70,43.7,-6.6%,0%,0%
1-Apr-58,  42.34,42.34,-6.0%,0%,0%
1-Mar-58,  42.11,42.11,-4.4%,0%,0%
1-Feb-58,  41.26,41.26,-5.1%,0%,0%
1-Jan-58,  41.12,41.12,-9.5%,0%,0%
1-Dec-57,  40.33,40.33,-13.2%,0%,0%
1-Nov-57,  40.35,40.35,-11.8%,0%,0%
1-Oct-57,  41.24,41.24,-10.8%,0%,0%
1-Sep-57,  43.98,43.98,-6.1%,0%,0%
1-Aug-57,  45.84,45.84,-5.5%,0%,0%
1-Jul-57,  48.51,48.51,-0.6%,0%,0%
1-Jun-57,  47.55,47.55,2.8%,3%,3%
1-May-57,  46.78,46.78,0.5%,1%,1%
1-Apr-57,  45.05,45.05,-6.2%,0%,0%
1-Mar-57,  44.03,44.03,-7.3%,0%,0%
1-Feb-57,  43.47,43.47,-2.2%,0%,0%
1-Jan-57,  45.43,45.43,2.9%,3%,3%
1-Dec-56,  46.44,46.44,2.4%,2%,2%
1-Nov-56,  45.76,45.76,1.8%,2%,2%
1-Oct-56,  46.24,46.24,9.8%,10%,10%
1-Sep-56,  46.84,46.84,5.6%,6%,6%
1-Aug-56,  48.49,48.49,14.3%,12%,10%
1-Jul-56,  48.78,48.78,14.3%,12%,10%
1-Jun-56,  46.27,46.27,16.3%,12%,10%
1-May-56,  46.54,46.54,23.8%,12%,10%
1-Apr-56,  48.05,48.05,27.3%,12%,10%
1-Mar-56,  47.49,47.49,30.1%,12%,10%
1-Feb-56,  44.43,44.43,20.8%,12%,10%
1-Jan-56,  44.15,44.15,24.0%,12%,10%
1-Dec-55,  45.37,45.37,29.7%,12%,10%
1-Nov-55,  44.95,44.95,34.4%,12%,10%
1-Oct-55,  42.11,42.11,30.9%,12%,10%
1-Sep-55,  44.34,44.34,41.0%,12%,10%
1-Aug-55,  42.43,42.43,38.1%,12%,10%
1-Jul-55,  42.69,42.69,41.7%,12%,10%
1-Jun-55,  39.78,39.78,37.4%,12%,10%
1-May-55,  37.60,37.6,30.9%,12%,10%
1-Apr-55,  37.76,37.76,36.7%,12%,10%
1-Mar-55,  36.50,36.5,37.4%,12%,10%
1-Feb-55,  36.79,36.79,41.4%,12%,10%
1-Jan-55,  35.60,35.6,39.8%,12%,10%
1-Dec-54,  34.97,34.97,40.8%,12%,10%
1-Nov-54,  33.44,33.44,36.5%,12%,10%
1-Oct-54,  32.18,32.18,34.3%,12%,10%
1-Sep-54,  31.45,31.45,35.2%,12%,10%
1-Aug-54,  30.73,30.73,26.0%,12%,10%
1-Jul-54,  30.13,30.13,24.0%,12%,10%
1-Jun-54,  28.96,28.96,20.9%,12%,10%
1-May-54,  28.73,28.73,15.7%,12%,10%
1-Apr-54,  27.63,27.63,11.8%,12%,10%
1-Mar-54,  26.57,26.57,2.2%,2%,2%
1-Feb-54,  26.02,26.02,0.6%,1%,1%
1-Jan-54,  25.46,25.46,-2.8%,0%,0%
1-Dec-53,  24.83,24.83,-4.6%,0%,0%
1-Nov-53,  24.50,24.5,-2.1%,0%,0%
1-Oct-53,  23.97,23.97,-1.2%,0%,0%
1-Sep-53,  23.27,23.27,-6.1%,0%,0%
1-Aug-53,  24.39,24.39,-3.1%,0%,0%
1-Jul-53,  24.29,24.29,-3.1%,0%,0%
1-Jun-53,  23.95,23.95,-1.8%,0%,0%
1-May-53,  24.84,24.84,4.7%,5%,5%
1-Apr-53,  24.71,24.71,4.1%,4%,4%
1-Mar-53,  25.99,25.99,9.2%,9%,9%
1-Feb-53,  25.86,25.86,8.9%,9%,9%
1-Jan-53,  26.18,26.18,8.2%,8%,8%
1-Dec-52,  26.04,26.04,11.2%,11%,10%
1-Nov-52,  25.03,25.03,10.2%,10%,10%
1-Oct-52,  24.26,24.26,3.9%,4%,4%
1-Sep-52,  24.78,24.78,5.5%,6%,6%
1-Aug-52,  25.18,25.18,10.0%,10%,10%
1-Jul-52,  25.08,25.08,14.4%,12%,10%
1-Jun-52,  24.38,24.38,13.1%,12%,10%
1-May-52,  23.73,23.73,8.2%,8%,8%
1-Apr-52,  23.74,23.74,8.3%,8%,8%
1-Mar-52,  23.81,23.81,10.1%,10%,10%
1-Feb-52,  23.75,23.75,8.0%,8%,8%
1-Jan-52,  24.19,24.19,14.0%,12%,10%
1-Dec-51,  23.41,23.41,18.5%,12%,10%
1-Nov-51,  22.71,22.71,14.5%,12%,10%
1-Oct-51,  23.36,23.36,17.6%,12%,10%
1-Sep-51,  23.48,23.48,23.1%,12%,10%
1-Aug-51,  22.89,22.89,24.2%,12%,10%
1-Jul-51,  21.93,21.93,26.2%,12%,10%
1-Jun-51,  21.55,21.55,15.0%,12%,10%
1-May-51,  21.93,21.93,18.9%,12%,10%
1-Apr-51,  21.92,21.92,22.9%,12%,10%
1-Mar-51,  21.63,21.63,24.7%,12%,10%
1-Feb-51,  22.00,22,27.8%,12%,10%
1-Jan-51,  21.21,21.21,25.7%,12%,10%
1-Dec-50,  19.75,19.75,19.4%,12%,10%
1-Nov-50,  19.83,19.83,23.1%,12%,10%
1-Oct-50,  19.87,19.87,25.0%,12%,10%
1-Sep-50,  19.08,19.08,23.2%,12%,10%
1-Aug-50,  18.43,18.43,20.5%,12%,10%
1-Jul-50,  17.38,17.38,17.8%,12%,10%
1-Jun-50,  18.74,18.74,34.1%,12%,10%
1-May-50,  18.44,18.44,24.8%,12%,10%
1-Apr-50,  17.84,17.84,19.8%,12%,10%
1-Mar-50,  17.35,17.35,16.4%,12%,10%
1-Feb-50,  17.21,17.21,16.5%,12%,10%
1-Jan-50,  16.88,16.88,9.9%,10%,10%
1-Dec-49,  16.54,16.54,8.9%,9%,9%
1-Nov-49,  16.11,16.11,5.4%,5%,5%
1-Oct-49,  15.89,15.89,-1.9%,0%,0%
1-Sep-49,  15.49,15.49,-1.7%,0%,0%
1-Aug-49,  15.29,15.29,-4.1%,0%,0%
1-Jul-49,  14.76,14.76,-10.1%,0%,0%
1-Jun-49,  13.97,13.97,-16.9%,0%,0%
1-May-49,  14.78,14.78,-8.5%,0%,0%
1-Apr-49,  14.89,14.89,-3.3%,0%,0%
1-Mar-49,  14.91,14.91,4.3%,4%,4%
1-Feb-49,  14.77,14.77,4.8%,5%,5%
1-Jan-49,  15.36,15.36,3.6%,4%,4%
1-Dec-48,  15.19,15.19,1.1%,1%,1%
1-Nov-48,  15.29,15.29,0.1%,0%,0%
1-Oct-48,  16.19,16.19,4.8%,5%,5%
1-Sep-48,  15.76,15.76,4.6%,5%,5%
1-Aug-48,  15.94,15.94,3.1%,3%,3%
1-Jul-48,  16.42,16.42,4.1%,4%,4%
1-Jun-48,  16.82,16.82,13.3%,12%,10%
1-May-48,  16.15,16.15,12.6%,12%,10%
1-Apr-48,  15.40,15.4,5.5%,5%,5%
1-Mar-48,  14.30,14.3,-5.7%,0%,0%
1-Feb-48,  14.10,14.1,-10.8%,0%,0%
1-Jan-48,  14.83,14.83,-2.5%,0%,0%
1-Dec-47,  15.03,15.03,-0.7%,0%,0%
1-Nov-47,  15.27,15.27,3.9%,4%,4%
1-Oct-47,  15.45,15.45,4.7%,5%,5%
1-Sep-47,  15.06,15.06,-0.2%,0%,0%
1-Aug-47,  15.46,15.46,-12.7%,0%,0%
1-Jul-47,  15.77,15.77,-12.6%,0%,0%
1-Jun-47,  14.84,14.84,-20.1%,0%,0%
1-May-47,  14.34,14.34,-23.3%,0%,0%
1-Apr-47,  14.60,14.6,-21.8%,0%,0%
1-Mar-47,  15.16,15.16,-13.5%,0%,0%
1-Feb-47,  15.80,15.8,-12.6%,0%,0%
1-Jan-47,  15.21,15.21,-15.6%,0%,0%
1-Dec-46,  15.13,15.13,-12.7%,0%,0%
1-Nov-46,  14.69,14.69,-13.8%,0%,0%
1-Oct-46,  14.75,14.75,-10.6%,0%,0%
1-Sep-46,  15.09,15.09,-4.7%,0%,0%
1-Aug-46,  17.70,17.7,19.4%,12%,10%
1-Jul-46,  18.05,18.05,22.1%,12%,10%
1-Jun-46,  18.58,18.58,23.1%,12%,10%
1-May-46,  18.70,18.7,26.2%,12%,10%
1-Apr-46,  18.66,18.66,30.7%,12%,10%
1-Mar-46,  17.53,17.53,25.8%,12%,10%
1-Feb-46,  18.07,18.07,29.6%,12%,10%
1-Jan-46,  18.02,18.02,33.6%,12%,10%
1-Dec-45,  17.33,17.33,32.3%,12%,10%
1-Nov-45,  17.04,17.04,32.9%,12%,10%
1-Oct-45,  16.50,16.5,27.8%,12%,10%
1-Sep-45,  15.84,15.84,25.7%,12%,10%
1-Aug-45,  14.83,14.83,15.8%,12%,10%
1-Jul-45,  14.78,14.78,13.7%,12%,10%
1-Jun-45,  15.09,15.09,19.1%,12%,10%
1-May-45,  14.82,14.82,22.5%,12%,10%
1-Apr-45,  14.28,14.28,20.1%,12%,10%
1-Mar-45,  13.93,13.93,15.1%,12%,10%
1-Feb-45,  13.94,13.94,18.4%,12%,10%
1-Jan-45,  13.49,13.49,13.8%,12%,10%
1-Dec-44,  13.10,13.1,14.1%,12%,10%
1-Nov-44,  12.82,12.82,13.2%,12%,10%
1-Oct-44,  12.91,12.91,8.7%,9%,9%
1-Sep-44,  12.60,12.6,5.1%,5%,5%
1-Aug-44,  12.81,12.81,9.1%,9%,9%
1-Jul-44,  13.00,13,5.3%,5%,5%
1-Jun-44,  12.67,12.67,4.7%,5%,5%
1-May-44,  12.10,12.1,1.8%,2%,2%
1-Apr-44,  11.89,11.89,3.9%,4%,4%
1-Mar-44,  12.10,12.1,9.3%,9%,9%
1-Feb-44,  11.77,11.77,10.1%,10%,10%
1-Jan-44,  11.85,11.85,17.4%,12%,10%
1-Dec-43,  11.48,11.48,20.6%,12%,10%
1-Nov-43,  11.33,11.33,19.6%,12%,10%
1-Oct-43,  11.88,11.88,27.5%,12%,10%
1-Sep-43,  11.99,11.99,38.1%,12%,10%
1-Aug-43,  11.74,11.74,36.7%,12%,10%
1-Jul-43,  12.35,12.35,42.9%,12%,10%
1-Jun-43,  12.10,12.1,45.3%,12%,10%
1-May-43,  11.89,11.89,49.9%,12%,10%
1-Apr-43,  11.44,11.44,45.9%,12%,10%
1-Mar-43,  11.07,11.07,35.3%,12%,10%
1-Feb-43,  10.69,10.69,23.6%,12%,10%
1-Jan-43,  10.09,10.09,13.0%,12%,10%
1-Dec-42,  9.52,9.52,8.7%,9%,9%
1-Nov-42,  9.47,9.47,1.1%,1%,1%
1-Oct-42,  9.32,9.32,-5.2%,0%,0%
1-Sep-42,  8.68,8.68,-15.2%,0%,0%
1-Aug-42,  8.59,8.59,-15.9%,0%,0%
1-Jul-42,  8.64,8.64,-15.8%,0%,0%
1-Jun-42,  8.33,8.33,-14.7%,0%,0%
1-May-42,  7.93,7.93,-15.9%,0%,0%
1-Apr-42,  7.84,7.84,-18.7%,0%,0%
1-Mar-42,  8.18,8.18,-17.8%,0%,0%
1-Feb-42,  8.65,8.65,-12.5%,0%,0%
1-Jan-42,  8.93,8.93,-15.4%,0%,0%
1-Dec-41,  8.76,8.76,-16.8%,0%,0%
1-Nov-41,  9.37,9.37,-14.7%,0%,0%
1-Oct-41,  9.83,9.83,-8.4%,0%,0%
1-Sep-41,  10.24,10.24,-3.7%,0%,0%
1-Aug-41,  10.21,10.21,0.1%,0%,0%
1-Jul-41,  10.26,10.26,2.7%,3%,3%
1-Jun-41,  9.76,9.76,0.9%,1%,1%
1-May-41,  9.43,9.43,-10.9%,0%,0%
1-Apr-41,  9.64,9.64,-21.4%,0%,0%
1-Mar-41,  9.95,9.95,-18.1%,0%,0%
1-Feb-41,  9.89,9.89,-19.1%,0%,0%
1-Jan-41,  10.55,10.55,-14.2%,0%,0%
1-Dec-40,  10.53,10.53,-14.9%,0%,0%
1-Nov-40,  10.98,10.98,-13.3%,0%,0%
1-Oct-40,  10.73,10.73,-16.8%,0%,0%
1-Sep-40,  10.63,10.63,-16.8%,0%,0%
1-Aug-40,  10.20,10.2,-11.6%,0%,0%
1-Jul-40,  9.99,9.99,-14.7%,0%,0%
1-Jun-40,  9.67,9.67,-15.4%,0%,0%
1-May-40,  10.58,10.58,-5.8%,0%,0%
1-Apr-40,  12.27,12.27,13.3%,12%,10%
1-Mar-40,  12.15,12.15,-1.9%,0%,0%
1-Feb-40,  12.22,12.22,-1.5%,0%,0%
1-Jan-40,  12.30,12.3,-1.6%,0%,0%
1-Dec-39,  12.37,12.37,-2.5%,0%,0%
1-Nov-39,  12.67,12.67,-3.1%,0%,0%
1-Oct-39,  12.90,12.9,-1.2%,0%,0%
1-Sep-39,  12.77,12.77,8.7%,9%,9%
1-Aug-39,  11.54,11.54,-6.3%,0%,0%
1-Jul-39,  11.71,11.71,-4.3%,0%,0%
1-Jun-39,  11.43,11.43,11.9%,12%,10%
1-May-39,  11.23,11.23,12.5%,12%,10%
1-Apr-39,  10.83,10.83,9.5%,10%,10%
1-Mar-39,  12.39,12.39,20.2%,12%,10%
1-Feb-39,  12.40,12.4,12.3%,12%,10%
1-Jan-39,  12.50,12.5,10.5%,11%,10%
1-Dec-38,  12.69,12.69,15.2%,12%,10%
1-Nov-38,  13.07,13.07,16.7%,12%,10%
1-Oct-38,  13.06,13.06,6.4%,6%,6%
1-Sep-38,  11.75,11.75,-18.2%,0%,0%
1-Aug-38,  12.31,12.31,-26.5%,0%,0%
1-Jul-38,  12.24,12.24,-26.1%,0%,0%
1-Jun-38,  10.21,10.21,-34.7%,0%,0%
1-May-38,  9.98,9.98,-38.6%,0%,0%
1-Apr-38,  9.89,9.89,-41.9%,0%,0%
1-Mar-38,  10.31,10.31,-43.0%,0%,0%
1-Feb-38,  11.04,11.04,-39.0%,0%,0%
1-Jan-38,  11.31,11.31,-35.7%,0%,0%
1-Dec-37,  11.02,11.02,-35.4%,0%,0%
1-Nov-37,  11.20,11.2,-35.5%,0%,0%
1-Oct-37,  12.28,12.28,-27.3%,0%,0%
1-Sep-37,  14.37,14.37,-10.5%,0%,0%
1-Aug-37,  16.74,16.74,5.5%,5%,5%
1-Jul-37,  16.57,16.57,6.5%,6%,6%
1-Jun-37,  15.64,15.64,6.5%,6%,6%
1-May-37,  16.25,16.25,15.3%,12%,10%
1-Apr-37,  17.01,17.01,14.3%,12%,10%
1-Mar-37,  18.09,18.09,21.7%,12%,10%
1-Feb-37,  18.11,18.11,24.5%,12%,10%
1-Jan-37,  17.59,17.59,27.8%,12%,10%
1-Dec-36,  17.06,17.06,30.8%,12%,10%
1-Nov-36,  17.36,17.36,33.1%,12%,10%
1-Oct-36,  16.89,16.89,41.7%,12%,10%
1-Sep-36,  16.05,16.05,38.2%,12%,10%
1-Aug-36,  15.87,15.87,39.6%,12%,10%
1-Jul-36,  15.56,15.56,46.1%,12%,10%
1-Jun-36,  14.69,14.69,45.2%,12%,10%
1-May-36,  14.09,14.09,44.5%,12%,10%
1-Apr-36,  14.88,14.88,64.6%,12%,10%
1-Mar-36,  14.86,14.86,76.7%,12%,10%
1-Feb-36,  14.55,14.55,62.0%,12%,10%
1-Jan-36,  13.76,13.76,48.6%,12%,10%
1-Dec-35,  13.04,13.04,40.8%,12%,10%
1-Nov-35,  13.04,13.04,41.7%,12%,10%
1-Oct-35,  11.92,11.92,33.2%,12%,10%
1-Sep-35,  11.61,11.61,30.7%,12%,10%
1-Aug-35,  11.37,11.37,24.9%,12%,10%
1-Jul-35,  10.65,10.65,12.5%,12%,10%
1-Jun-35,  10.12,10.12,1.8%,2%,2%
1-May-35,  9.75,9.75,-0.6%,0%,0%
1-Apr-35,  9.04,9.04,-17.2%,0%,0%
1-Mar-35,  8.41,8.41,-21.7%,0%,0%
1-Feb-35,  8.98,8.98,-20.7%,0%,0%
1-Jan-35,  9.26,9.26,-12.1%,0%,0%
1-Dec-34,  9.26,9.26,-7.1%,0%,0%
1-Nov-34,  9.20,9.2,-5.9%,0%,0%
1-Oct-34,  8.95,8.95,-6.3%,0%,0%
1-Sep-34,  8.88,8.88,-16.1%,0%,0%
1-Aug-34,  9.10,9.1,-14.7%,0%,0%
1-Jul-34,  9.47,9.47,-15.7%,0%,0%
1-Jun-34,  9.94,9.94,-4.3%,0%,0%
1-May-34,  9.81,9.81,10.6%,11%,10%
1-Apr-34,  10.92,10.92,58.5%,12%,10%
1-Mar-34,  10.74,10.74,72.4%,12%,10%
1-Feb-34,  11.32,11.32,81.1%,12%,10%
1-Jan-34,  10.54,10.54,48.7%,12%,10%
1-Dec-33,  9.97,9.97,46.2%,12%,10%
1-Nov-33,  9.78,9.78,38.7%,12%,10%
1-Oct-33,  9.55,9.55,34.1%,12%,10%
1-Sep-33,  10.58,10.58,28.1%,12%,10%
1-Aug-33,  10.67,10.67,41.7%,12%,10%
1-Jul-33,  11.23,11.23,124.2%,12%,10%
1-Jun-33,  10.39,10.39,117.8%,12%,10%
1-May-33,  8.87,8.87,61.0%,12%,10%
1-Apr-33,  6.89,6.89,9.7%,10%,10%
1-Mar-33,  6.23,6.23,-24.6%,0%,0%
1-Feb-33,  6.25,6.25,-24.1%,0%,0%
1-Jan-33,  7.09,7.09,-14.6%,0%,0%
1-Dec-32,  6.82,6.82,-19.2%,0%,0%
1-Nov-32,  7.05,7.05,-32.1%,0%,0%
1-Oct-32,  7.12,7.12,-30.5%,0%,0%
1-Sep-32,  8.26,8.26,-30.2%,0%,0%
1-Aug-32,  7.53,7.53,-45.8%,0%,0%
1-Jul-32,  5.01,5.01,-65.0%,0%,0%
1-Jun-32,  4.77,4.77,-65.6%,0%,0%
1-May-32,  5.51,5.51,-61.5%,0%,0%
1-Apr-32,  6.28,6.28,-60.4%,0%,0%
1-Mar-32,  8.26,8.26,-52.9%,0%,0%
1-Feb-32,  8.23,8.23,-52.2%,0%,0%
1-Jan-32,  8.30,8.3,-48.1%,0%,0%
1-Dec-31,  8.44,8.44,-45.6%,0%,0%
1-Nov-31,  10.39,10.39,-37.5%,0%,0%
1-Oct-31,  10.25,10.25,-42.8%,0%,0%
1-Sep-31,  11.83,11.83,-43.1%,0%,0%
1-Aug-31,  13.90,13.9,-33.1%,0%,0%
1-Jul-31,  14.33,14.33,-32.0%,0%,0%
1-Jun-31,  13.87,13.87,-35.5%,0%,0%
1-May-31,  14.33,14.33,-40.1%,0%,0%
1-Apr-31,  15.86,15.86,-37.7%,0%,0%
1-Mar-31,  17.53,17.53,-26.8%,0%,0%
1-Feb-31,  17.20,17.2,-25.4%,0%,0%
1-Jan-31,  15.98,15.98,-26.4%,0%,0%
1-Dec-30,  15.51,15.51,-27.5%,0%,0%
1-Nov-30,  16.62,16.62,-19.2%,0%,0%
1-Oct-30,  17.92,17.92,-36.0%,0%,0%
1-Sep-30,  20.78,20.78,-33.6%,0%,0%
1-Aug-30,  20.79,20.79,-30.9%,0%,0%
1-Jul-30,  21.06,21.06,-26.1%,0%,0%
1-Jun-30,  21.52,21.52,-17.7%,0%,0%
1-May-30,  23.94,23.94,-6.7%,0%,0%
1-Apr-30,  25.46,25.46,0.7%,1%,1%
1-Mar-30,  23.94,23.94,-5.9%,0%,0%
1-Feb-30,  23.07,23.07,-7.7%,0%,0%
1-Jan-30,  21.71,21.71,-12.7%,0%,0%
1-Dec-29,  21.40,21.4,-7.6%,0%,0%
1-Nov-29,  20.58,20.58,-10.8%,0%,0%
1-Oct-29,  27.99,27.99,29.6%,12%,10%
1-Sep-29,  31.30,31.3,47.9%,12%,10%
1-Aug-29,  30.10,30.1,52.2%,12%,10%
1-Jul-29,  28.48,28.48,48.6%,12%,10%
1-Jun-29,  26.15,26.15,37.5%,12%,10%
1-May-29,  25.66,25.66,28.3%,12%,10%
1-Apr-29,  25.28,25.28,30.3%,12%,10%
1-Mar-29,  25.43,25.43,39.3%,12%,10%
1-Feb-29,  24.99,24.99,44.3%,12%,10%
1-Jan-29,  24.86,24.86,41.8%,12%,10%
1-Dec-28,  23.15,23.15,32.6%,12%,10%
1-Nov-28,  23.06,23.06,35.2%,12%,10%
1-Oct-28,  21.60,21.6,29.5%,12%,10%
1-Sep-28,  21.17,21.17,25.0%,12%,10%
1-Aug-28,  19.78,19.78,23.4%,12%,10%
1-Jul-28,  19.16,19.16,25.9%,12%,10%
1-Jun-28,  19.02,19.02,27.7%,12%,10%
1-May-28,  20.00,20,36.1%,12%,10%
1-Apr-28,  19.40,19.4,36.5%,12%,10%
1-Mar-28,  18.25,18.25,31.6%,12%,10%
1-Feb-28,  17.32,17.32,26.8%,12%,10%
1-Jan-28,  17.53,17.53,30.8%,12%,10%
1-Dec-27,  17.46,17.46,29.4%,12%,10%
1-Nov-27,  17.06,17.06,29.3%,12%,10%
1-Oct-27,  16.68,16.68,28.1%,12%,10%
1-Sep-27,  16.94,16.94,27.2%,12%,10%
1-Aug-27,  16.03,16.03,22.2%,12%,10%
1-Jul-27,  15.22,15.22,20.6%,12%,10%
1-Jun-27,  14.89,14.89,23.0%,12%,10%
1-May-27,  14.70,14.7,27.2%,12%,10%
1-Apr-27,  14.21,14.21,23.8%,12%,10%
1-Mar-27,  13.87,13.87,17.4%,12%,10%
1-Feb-27,  13.66,13.66,7.8%,8%,8%
1-Jan-27,  13.40,13.4,5.9%,6%,6%
1-Dec-26,  13.49,13.49,8.3%,8%,8%
1-Nov-26,  13.19,13.19,7.6%,8%,8%
1-Oct-26,  13.02,13.02,9.5%,10%,10%
1-Sep-26,  13.32,13.32,15.7%,12%,10%
1-Aug-26,  13.12,13.12,16.6%,12%,10%
1-Jul-26,  12.62,12.62,13.7%,12%,10%
1-Jun-26,  12.11,12.11,12.1%,12%,10%
1-May-26,  11.56,11.56,9.0%,9%,9%
1-Apr-26,  11.48,11.48,11.7%,12%,10%
1-Mar-26,  11.81,11.81,13.7%,12%,10%
1-Feb-26,  12.67,12.67,18.7%,12%,10%
1-Jan-26,  12.65,12.65,19.6%,12%,10%
1-Dec-25,  12.46,12.46,22.6%,12%,10%
1-Nov-25,  12.26,12.26,27.2%,12%,10%
1-Oct-25,  11.89,11.89,30.2%,12%,10%
1-Sep-25,  11.51,11.51,24.4%,12%,10%
1-Aug-25,  11.25,11.25,20.4%,12%,10%
1-Jul-25,  11.10,11.1,22.9%,12%,10%
1-Jun-25,  10.80,10.8,25.1%,12%,10%
1-May-25,  10.61,10.61,25.3%,12%,10%
1-Apr-25,  10.28,10.28,20.9%,12%,10%
1-Mar-25,  10.39,10.39,19.4%,12%,10%
1-Feb-25,  10.67,10.67,20.3%,12%,10%
1-Jan-25,  10.58,10.58,19.8%,12%,10%
1-Dec-24,  10.16,10.16,18.8%,12%,10%
1-Nov-24,  9.64,9.64,16.6%,12%,10%
1-Oct-24,  9.13,9.13,13.7%,12%,10%
1-Sep-24,  9.25,9.25,13.5%,12%,10%
1-Aug-24,  9.34,9.34,15.3%,12%,10%
1-Jul-24,  9.03,9.03,12.0%,12%,10%
1-Jun-24,  8.63,8.63,3.5%,3%,3%
1-May-24,  8.47,8.47,-2.3%,0%,0%
1-Apr-24,  8.50,8.5,-6.6%,0%,0%
1-Mar-24,  8.70,8.7,-7.7%,0%,0%
1-Feb-24,  8.87,8.87,-4.4%,0%,0%
1-Jan-24,  8.83,8.83,-0.8%,0%,0%
1-Dec-23,  8.55,8.55,-2.6%,0%,0%
1-Nov-23,  8.27,8.27,-6.0%,0%,0%
1-Oct-23,  8.03,8.03,-13.3%,0%,0%
1-Sep-23,  8.15,8.15,-10.0%,0%,0%
1-Aug-23,  8.10,8.1,-8.3%,0%,0%
1-Jul-23,  8.06,8.06,-5.3%,0%,0%
1-Jun-23,  8.34,8.34,-1.3%,0%,0%
1-May-23,  8.67,8.67,1.6%,2%,2%
1-Apr-23,  9.10,9.1,10.8%,11%,10%
1-Mar-23,  9.43,9.43,21.8%,12%,10%
1-Feb-23,  9.28,9.28,24.4%,12%,10%
1-Jan-23,  8.90,8.9,21.9%,12%,10%
1-Dec-22,  8.78,8.78,20.1%,12%,10%
1-Nov-22,  8.80,8.8,24.6%,12%,10%
1-Oct-22,  9.26,9.26,38.2%,12%,10%
1-Sep-22,  9.06,9.06,37.1%,12%,10%
1-Aug-22,  8.83,8.83,36.9%,12%,10%
1-Jul-22,  8.51,8.51,30.3%,12%,10%
1-Jun-22,  8.45,8.45,29.0%,12%,10%
1-May-22,  8.53,8.53,19.8%,12%,10%
1-Apr-22,  8.21,8.21,18.8%,12%,10%
1-Mar-22,  7.74,7.74,12.5%,12%,10%
1-Feb-22,  7.46,7.46,5.7%,6%,6%
1-Jan-22,  7.30,7.3,2.7%,3%,3%
1-Dec-21,  7.31,7.31,7.3%,7%,7%
1-Nov-21,  7.06,7.06,-5.6%,0%,0%
1-Oct-21,  6.70,6.7,-15.0%,0%,0%
1-Sep-21,  6.61,6.61,-16.0%,0%,0%
1-Aug-21,  6.45,6.45,-15.1%,0%,0%
1-Jul-21,  6.53,6.53,-17.4%,0%,0%
1-Jun-21,  6.55,6.55,-17.3%,0%,0%
1-May-21,  7.12,7.12,-11.7%,0%,0%
1-Apr-21,  6.91,6.91,-19.7%,0%,0%
1-Mar-21,  6.88,6.88,-20.6%,0%,0%
1-Feb-21,  7.06,7.06,-12.8%,0%,0%
1-Jan-21,  7.11,7.11,-19.5%,0%,0%
1-Dec-20,  6.81,6.81,-23.7%,0%,0%
1-Nov-20,  7.48,7.48,-18.6%,0%,0%
1-Oct-20,  7.88,7.88,-16.8%,0%,0%
1-Sep-20,  7.87,7.87,-12.7%,0%,0%
1-Aug-20,  7.60,7.6,-14.3%,0%,0%
1-Jul-20,  7.91,7.91,-16.8%,0%,0%
1-Jun-20,  7.92,7.92,-14.0%,0%,0%
1-May-20,  8.06,8.06,-10.1%,0%,0%
1-Apr-20,  8.60,8.6,2.5%,3%,3%
1-Mar-20,  8.67,8.67,6.8%,7%,7%
1-Feb-20,  8.10,8.1,2.8%,3%,3%
1-Jan-20,  8.83,8.83,12.5%,12%,10%
1-Dec-19,  8.92,8.92,12.9%,12%,10%
1-Nov-19,  9.19,9.19,14.0%,12%,10%
1-Oct-19,  9.47,9.47,20.5%,12%,10%
1-Sep-19,  9.01,9.01,19.5%,12%,10%
1-Aug-19,  8.87,8.87,17.0%,12%,10%
1-Jul-19,  9.51,9.51,26.6%,12%,10%
1-Jun-19,  9.21,9.21,23.6%,12%,10%
1-May-19,  8.97,8.97,20.6%,12%,10%
1-Apr-19,  8.39,8.39,16.4%,12%,10%
1-Mar-19,  8.12,8.12,11.5%,12%,10%
1-Feb-19,  7.88,7.88,6.1%,6%,6%
1-Jan-19,  7.85,7.85,8.9%,9%,9%
1-Dec-18,  7.90,7.9,16.2%,12%,10%
1-Nov-18,  8.06,8.06,14.5%,12%,10%
1-Oct-18,  7.86,7.86,2.3%,2%,2%
1-Sep-18,  7.54,7.54,-7.1%,0%,0%
1-Aug-18,  7.58,7.58,-11.1%,0%,0%
1-Jul-18,  7.51,7.51,-14.6%,0%,0%
1-Jun-18,  7.45,7.45,-17.6%,0%,0%
1-May-18,  7.44,7.44,-16.0%,0%,0%
1-Apr-18,  7.21,7.21,-21.4%,0%,0%
1-Mar-18,  7.28,7.28,-21.8%,0%,0%
1-Feb-18,  7.43,7.43,-17.7%,0%,0%
1-Jan-18,  7.21,7.21,-24.7%,0%,0%
1-Dec-17,  6.80,6.8,-30.6%,0%,0%
1-Nov-17,  7.04,7.04,-31.0%,0%,0%
1-Oct-17,  7.68,7.68,-23.0%,0%,0%
1-Sep-17,  8.12,8.12,-16.1%,0%,0%
1-Aug-17,  8.53,8.53,-8.3%,0%,0%
1-Jul-17,  8.79,8.79,-4.8%,0%,0%
1-Jun-17,  9.04,9.04,-3.4%,0%,0%
1-May-17,  8.86,8.86,-4.4%,0%,0%
1-Apr-17,  9.17,9.17,1.1%,1%,1%
1-Mar-17,  9.31,9.31,1.5%,2%,2%
1-Feb-17,  9.03,9.03,-1.8%,0%,0%
1-Jan-17,  9.57,9.57,2.6%,3%,3%
1-Dec-16,  9.80,9.8,3.4%,3%,3%
1-Nov-16,  10.21,10.21,7.9%,8%,8%
1-Oct-16,  9.98,9.98,9.2%,9%,9%
1-Sep-16,  9.68,9.68,11.8%,12%,10%
1-Aug-16,  9.30,9.3,11.4%,11%,10%
1-Jul-16,  9.23,9.23,15.2%,12%,10%
1-Jun-16,  9.36,9.36,16.4%,12%,10%
1-May-16,  9.27,9.27,16.6%,12%,10%
1-Apr-16,  9.07,9.07,11.4%,11%,10%
1-Mar-16,  9.17,9.17,21.1%,12%,10%
1-Feb-16,  9.20,9.2,24.7%,12%,10%
1-Jan-16,  9.33,9.33,24.7%,12%,10%
1-Dec-15,  9.48,9.48,29.0%,12%,10%
1-Nov-15,  9.46,9.46,23.2%,12%,10%
1-Oct-15,  9.14,9.14,19.0%,12%,10%
1-Sep-15,  8.66,8.66,12.8%,12%,10%
1-Aug-15,  8.35,8.35,8.7%,9%,9%
1-Jul-15,  8.01,8.01,4.3%,4%,4%
1-Jun-15,  8.04,8.04,-1.1%,0%,0%
1-May-15,  7.95,7.95,-2.7%,0%,0%
1-Apr-15,  8.14,8.14,0.2%,0%,0%
1-Mar-15,  7.57,7.57,-9.0%,0%,0%
1-Feb-15,  7.38,7.38,-13.0%,0%,0%
1-Jan-15,  7.48,7.48,-10.6%,0%,0%
1-Dec-14,  7.35,7.35,-8.6%,0%,0%
1-Nov-14,  7.68,7.68,-4.6%,0%,0%
1-Oct-14,  7.68,7.68,-7.0%,0%,0%
1-Sep-14,  7.68,7.68,-10.0%,0%,0%
1-Aug-14,  7.68,7.68,-9.1%,0%,0%
1-Jul-14,  7.68,7.68,-6.7%,0%,0%
1-Jun-14,  8.13,8.13,0.1%,0%,0%
1-May-14,  8.17,8.17,-4.4%,0%,0%
1-Apr-14,  8.12,8.12,-7.6%,0%,0%
1-Mar-14,  8.32,8.32,-5.5%,0%,0%
1-Feb-14,  8.48,8.48,-5.5%,0%,0%
1-Jan-14,  8.37,8.37,-10.0%,0%,0%
1-Dec-13,  8.04,8.04,-14.3%,0%,0%
1-Nov-13,  8.05,8.05,-17.3%,0%,0%
1-Oct-13,  8.26,8.26,-16.1%,0%,0%
1-Sep-13,  8.53,8.53,-13.5%,0%,0%
1-Aug-13,  8.45,8.45,-13.9%,0%,0%
1-Jul-13,  8.23,8.23,-14.2%,0%,0%
1-Jun-13,  8.12,8.12,-15.2%,0%,0%
1-May-13,  8.55,8.55,-10.8%,0%,0%
1-Apr-13,  8.79,8.79,-8.3%,0%,0%
1-Mar-13,  8.80,8.8,-5.4%,0%,0%
1-Feb-13,  8.97,8.97,-0.8%,0%,0%
1-Jan-13,  9.30,9.3,2.0%,2%,2%
1-Dec-12,  9.38,9.38,#DIV/0!,#DIV/0!,#DIV/0!
1-Nov-12,  9.73,9.73,#DIV/0!,#DIV/0!,#DIV/0!
1-Oct-12,  9.84,9.84,#DIV/0!,#DIV/0!,#DIV/0!
1-Sep-12,  9.86,9.86,#DIV/0!,#DIV/0!,#DIV/0!
1-Aug-12,  9.81,9.81,#DIV/0!,#DIV/0!,#DIV/0!
1-Jul-12,  9.59,9.59,#DIV/0!,#DIV/0!,#DIV/0!
1-Jun-12,  9.58,9.58,#DIV/0!,#DIV/0!,#DIV/0!
1-May-12,  9.58,9.58,#DIV/0!,#DIV/0!,#DIV/0!
1-Apr-12,  9.59,9.59,#DIV/0!,#DIV/0!,#DIV/0!
1-Mar-12,  9.30,9.3,#DIV/0!,#DIV/0!,#DIV/0!
1-Feb-12,  9.04,9.04,#DIV/0!,#DIV/0!,#DIV/0!
1-Jan-12,  9.12,9.12,#DIV/0!,#DIV/0!,#DIV/0!
